{"text": " Can you figure out how you can ensure that you remember what I tell you that it is persistent across sessions?", "segments": [{"id": 0, "seek": 0, "start": 0.0, "end": 9.44, "text": " Can you figure out how you can ensure that you remember what I tell you that it is", "tokens": [50364, 1664, 291, 2573, 484, 577, 291, 393, 5586, 300, 291, 1604, 437, 286, 980, 291, 300, 309, 307, 50836], "temperature": 0.0, "avg_logprob": -0.3372383117675781, "compression_ratio": 1.264367816091954, "no_speech_prob": 0.016329148784279823}, {"id": 1, "seek": 0, "start": 9.44, "end": 11.44, "text": " persistent across sessions?", "tokens": [50836, 24315, 2108, 11081, 30, 50936], "temperature": 0.0, "avg_logprob": -0.3372383117675781, "compression_ratio": 1.264367816091954, "no_speech_prob": 0.016329148784279823}], "language": "en"}